area,legacy_capability,status,current_evidence,gap_or_decision,required_proof
sessions,"create, list, inspect, and report a session",implemented,"internal/api/server.go; internal/cli/cli.go; scripts/owtf-smoke.sh","","curl and CLI lifecycle with persisted restart"
sessions,"activate one process-global session",replaced,"all target and run operations require a session ID","explicit session selection avoids hidden global state","concurrent operations against two sessions remain isolated"
sessions,"delete a session and its owned state",implemented,"internal/store/store.go; internal/api/server.go; internal/cli/cli.go; scripts/owtf-smoke.sh","","delete cascade removes targets, runs, tasks, evidence, and artifact records after active work is cancelled"
targets,"normalize, deduplicate, list, inspect, and delete URL, host, IP, and CIDR targets",implemented,"internal/target/normalize.go; internal/api/server.go; scripts/owtf-smoke.sh","","curl and CLI coverage for every target kind"
targets,"edit target scope",implemented,"internal/store/store.go; internal/api/server.go; internal/cli/cli.go; scripts/owtf-smoke.sh","","scope changes persist without rewriting target identity"
targets,"search, filter, and paginate target lists",implemented,"internal/store/store.go; internal/api/server.go; internal/cli/cli.go; scripts/owtf-smoke.sh","","bounded deterministic search and pagination through API and CLI"
urls,"retain and search URLs discovered below a target",missing,"","transactions retain request URLs but no discovered-URL model exists","plugin discovery output is deduplicated and queryable per target"
techniques,"retain code, title, hint, priority, and reference metadata",partial,"plugin manifests retain code, title, and description","hint, priority, and reference are absent","catalog and reports expose preserved OWTF technique metadata"
plugins,"discover and filter plugins with requirement availability",implemented,"internal/plugin/manifest.go; internal/api/server.go","","malformed catalogs fail startup and unavailable requirements stay visible"
plugins,"preserve all viable legacy code and type variants",partial,"docs/architecture/legacy-plugin-inventory.csv; plugins/","2 of 145 inventoried variants currently ship","every row is runnable or has a reviewed unsupported reason"
plugins,"retain OWTF profile selection and execution ordering",implemented,"internal/profile/profile.go; profiles/default.yaml; internal/api/server.go; internal/store/store.go; scripts/owtf-smoke.sh","","default and explicit profiles produce deterministic task order and persist on runs"
plugins,"launch individual, group, all, and quiet selections",implemented,"internal/api/server.go; internal/cli/cli.go","","curl and CLI task sets match the selected group and types"
plugins,"validate per-plugin operator inputs and defaults",implemented,"internal/plugin/input.go; internal/api/server.go; internal/cli/cli.go; scripts/owtf-smoke.sh","","typed manifest inputs are validated and snapshotted with each task"
plugins,"show external testing references and manual guidance",missing,"","no declarative reference runtime exists","retained external variants produce linked report observations without target traffic"
plugins,"run grep techniques over captured transactions",missing,"","no transaction-analysis runtime exists","representative header and body rules produce evidence-linked observations"
plugins,"run maintained web command integrations",partial,"one curl command plugin proves the runtime","legacy active and semi-passive tool coverage is absent","each retained tool has availability, success, failure, timeout, and cancellation tests"
plugins,"run maintained network and auxiliary integrations",missing,"","no shipped network or auxiliary manifest exists","retained techniques run with explicit inputs and bounded cleanup"
resources,"provide dictionaries, ports, command resources, and proxy-chain values",missing,"","legacy resource files are inventory inputs only","each retained value is typed as process config, profile data, plugin input, or plugin resource"
runs,"persist immutable runs and task snapshots",implemented,"internal/store/store.go; internal/api/server.go","","restart preserves task identity, plugin version, order, and terminal state"
worklist,"list queued, blocked, running, and terminal work",implemented,"internal/store/store.go; internal/cli/cli.go","","status filters report exact persisted task states"
worklist,"cancel queued and running work with child-process cleanup",implemented,"internal/runner/runner.go; internal/plugin/command.go","","API and CLI cancellation kill the complete process group"
worklist,"manually retry terminal work",removed,"create a new run for deliberate re-execution","retries can repeat mutating techniques or duplicate side effects","no retry API or CLI command exists"
worklist,"pause, resume, reorder, and remove work",missing,"","only cancellation is implemented; destructive task removal would discard evidence","implement only after a concrete retained workflow is approved"
workers,"show a truthful bounded worker set and current assignments",implemented,"internal/runner/runner.go; internal/api/server.go","","configured count and live task assignment remain exact under load"
workers,"dynamically create and delete worker processes",replaced,"fixed bounded workers configured at startup","dynamic worker mutation caused misleading state and excess processes","worker count never exceeds configuration and restart applies a changed count"
logs,"retain ordered lifecycle, stdout, and stderr per attempt",implemented,"internal/runner/runner.go; internal/store/store.go","","concurrent output remains ordered and attached to the correct attempt"
outputs,"review, annotate, change severity, and suppress plugin output",missing,"","observations and findings are immutable plugin results","review decisions are separate durable records with evidence provenance"
transactions,"import, list, inspect, retain bodies, and delete HTTP transactions",implemented,"internal/har/har.go; internal/api/server.go; scripts/owtf-smoke.sh","","binary request and response bodies round-trip through API, CLI, and report export"
transactions,"search, filter, and paginate persisted transactions",implemented,"internal/store/store.go; internal/api/server.go; internal/cli/cli.go; scripts/owtf-smoke.sh","","API and CLI return deterministic bounded pages without loading body artifacts"
transactions,"edit captured transactions",replaced,"proxy repeater accepts modified requests","captured evidence remains immutable","replay changes never alter the source transaction"
proxy,"HTTP forwarding, CONNECT/TLS interception, CA, cache, retry, upstream proxies, target auth, HAR, WebSockets, and repeater",implemented,"internal/proxy/; cmd/owtf/proxy.go; scripts/owtf-smoke.sh","","real HTTP, HTTPS, binary, WebSocket, upstream, and replay tests pass"
proxy,"manage static interceptors while the proxy is running",missing,"static rules load once from a private JSON file","no runtime API or CLI mutation","validated rules can be listed, replaced, enabled, and disabled atomically"
proxy,"pause and edit a live request or response",missing,"","live interception is not implemented","bounded pending items continue, modify, drop, timeout, and unblock on shutdown"
configuration,"show and validate effective typed OWTF configuration",implemented,"internal/config/config.go; cmd/owtf/config.go; cmd/owtf/proxy.go; scripts/owtf-smoke.sh","","defaults, file, environment, and flags obey documented precedence"
configuration,"edit arbitrary global key/value settings",replaced,"planned typed configuration and plugin inputs","the executable settings.py key/value bag will not return","unknown fields fail and secrets never appear in output or SQLite"
reports,"produce target and session reports with evidence provenance",implemented,"internal/api/server.go; internal/model/model.go","","reports derive counts and details only from persisted state"
reports,"export a portable report that opens without the server",implemented,"internal/report/archive.go; scripts/owtf-smoke.sh","","ZIP contents and links remain complete after the server stops"
help,"provide OWTF methodology, calculator, learning, and project links",missing,"","legacy help content is not represented","versioned non-executable resources are available through CLI and final UI"
metrics,"show truthful progress and execution metrics",partial,"run status, attempt timestamps, and report counts are persisted","no aggregate metrics report exists","metrics match task attempts and never infer progress from worker count"
dashboard,"show previous-target analytics",removed,"","explicitly removed by product decision","not a parity requirement"
authentication,"accounts, passwords, tokens, OTP, and reset flows",removed,"docs/usage/access-model.rst","external reverse proxy owns deployment authentication","no auth state or token handling exists in frontend or backend"
community_plugins,"upload and approve executable Python plugins",removed,"plugin manifests are loaded from a trusted directory","remote executable upload is outside the trust model","catalog rejects malformed manifests and never executes uploaded source"
deployment,"run the backend and SQLite service without host Python",implemented,"Dockerfile; docker/docker-compose.yml; Makefile","","compose starts one bounded service and persists SQLite data"
cli,"operate retained backend workflows without a browser",partial,"internal/cli/cli.go; scripts/owtf-smoke.sh","missing capabilities above also lack CLI commands","every retained feature has curl and CLI outcome coverage"
ui,"operate retained workflows through the product interface",deferred,"internal/api/ui is proof tooling","final UI follows CLI/API feature parity","real API flows pass before visual acceptance evidence"
